Field,Reference
Plan family,Four Walls
Starting footprints (ft),11 x 11 / 12 x 16 / 14 x 14 / 10 x 20 / 14 x 20 / 20 x 20
Dimensions,Starting footprints are not interior floor areas
Availability,Confirm available drawing sizes with Shelter
Uses,Shed / studio / sleeping room / workshop / guest room
Wall system,Rammed earth / lavacrete as appropriate to the project
Openings,Adaptable to use and orientation
Local requirements,Confirm site and use requirements before construction
Court,Clustering pattern - not a plan set
Long House,Linear pattern - not a plan set
